char	codepoint	name	count
 	U+0020	SPACE	732
ा	U+093E	DEVANAGARI VOWEL SIGN AA	267
े	U+0947	DEVANAGARI VOWEL SIGN E	235
र	U+0930	DEVANAGARI LETTER RA	221
क	U+0915	DEVANAGARI LETTER KA	204
्	U+094D	DEVANAGARI SIGN VIRAMA	191
ल	U+0932	DEVANAGARI LETTER LA	170
न	U+0928	DEVANAGARI LETTER NA	153
स	U+0938	DEVANAGARI LETTER SA	129
ि	U+093F	DEVANAGARI VOWEL SIGN I	117
ह	U+0939	DEVANAGARI LETTER HA	110
ी	U+0940	DEVANAGARI VOWEL SIGN II	109
म	U+092E	DEVANAGARI LETTER MA	103
व	U+0935	DEVANAGARI LETTER VA	99
प	U+092A	DEVANAGARI LETTER PA	92
ं	U+0902	DEVANAGARI SIGN ANUSVARA	84
ब	U+092C	DEVANAGARI LETTER BA	83
य	U+092F	DEVANAGARI LETTER YA	83
त	U+0924	DEVANAGARI LETTER TA	75
द	U+0926	DEVANAGARI LETTER DA	67
ज	U+091C	DEVANAGARI LETTER JA	66
ो	U+094B	DEVANAGARI VOWEL SIGN O	60
ट	U+091F	DEVANAGARI LETTER TTA	55
ग	U+0917	DEVANAGARI LETTER GA	54
ु	U+0941	DEVANAGARI VOWEL SIGN U	40
श	U+0936	DEVANAGARI LETTER SHA	35
उ	U+0909	DEVANAGARI LETTER U	32
भ	U+092D	DEVANAGARI LETTER BHA	31
ए	U+090F	DEVANAGARI LETTER E	28
अ	U+0905	DEVANAGARI LETTER A	28
ड	U+0921	DEVANAGARI LETTER DDA	27
आ	U+0906	DEVANAGARI LETTER AA	24
़	U+093C	DEVANAGARI SIGN NUKTA	23
ू	U+0942	DEVANAGARI VOWEL SIGN UU	23
ध	U+0927	DEVANAGARI LETTER DHA	21
ख	U+0916	DEVANAGARI LETTER KHA	20
थ	U+0925	DEVANAGARI LETTER THA	19
ौ	U+094C	DEVANAGARI VOWEL SIGN AU	18
इ	U+0907	DEVANAGARI LETTER I	18
फ	U+092B	DEVANAGARI LETTER PHA	17
,	U+002C	COMMA	17
ै	U+0948	DEVANAGARI VOWEL SIGN AI	16
ष	U+0937	DEVANAGARI LETTER SSA	14
च	U+091A	DEVANAGARI LETTER CA	14
ॉ	U+0949	DEVANAGARI VOWEL SIGN CANDRA O	9
ई	U+0908	DEVANAGARI LETTER II	8
ण	U+0923	DEVANAGARI LETTER NNA	7
ृ	U+0943	DEVANAGARI VOWEL SIGN VOCALIC R	7
.	U+002E	FULL STOP	6
ठ	U+0920	DEVANAGARI LETTER TTHA	6
ढ	U+0922	DEVANAGARI LETTER DDHA	5
ँ	U+0901	DEVANAGARI SIGN CANDRABINDU	4
छ	U+091B	DEVANAGARI LETTER CHA	3
ओ	U+0913	DEVANAGARI LETTER O	2
ऋ	U+090B	DEVANAGARI LETTER VOCALIC R	2
घ	U+0918	DEVANAGARI LETTER GHA	1
ऑ	U+0911	DEVANAGARI LETTER CANDRA O	1
ऊ	U+090A	DEVANAGARI LETTER UU	1
ञ	U+091E	DEVANAGARI LETTER NYA	1
-	U+002D	HYPHEN-MINUS	1
