audio_path|text|duration|speaker|utt_id|domain
data/processed/syspin_24k/bho_f/IISc_SYSPINProject_bho_f_AGRI_00008.wav|पौधा व जंतु के स्पीशीज़ जे कउनो विशेष क्षेत्र में विशिष्ट रूप से पावल जाला जेके विशेष क्षेत्री स्पीशीज़ भी कहल जाला|9.140|bho_f|IISc_SYSPINProject_bho_f_AGRI_00008|AGRICULTURE
data/processed/syspin_24k/bho_f/IISc_SYSPINProject_bho_f_AGRI_03044.wav|बांस से फर्नीचर बनेला, बांसुरी बनेला, बांस क सीढ़ी बनेला, शव के ले जाए वाला सीढ़ी भी बांस क ही बनेला .|8.254|bho_f|IISc_SYSPINProject_bho_f_AGRI_03044|AGRICULTURE
data/processed/syspin_24k/bho_f/IISc_SYSPINProject_bho_f_EVAL_00351.wav|रोहन शहर में पैदा भयल रहल जवन अपने पुराने महल बदे प्रसिद्ध हव|5.260|bho_f|IISc_SYSPINProject_bho_f_EVAL_00351|EVALUATION
data/processed/syspin_24k/bho_f/IISc_SYSPINProject_bho_f_FINA_00161.wav|कउनो कार्य या उपलब्धि मे अपने प्रतिद्वंद्वी से आगे बढ़ जाए क स्थिति भी हो सकेला|6.040|bho_f|IISc_SYSPINProject_bho_f_FINA_00161|FINANCE
data/processed/syspin_24k/bho_f/IISc_SYSPINProject_bho_f_FINA_00664.wav|अगर आप कउनो दूसर शख्स के लोन गारंटर के रुप में लोन लेवे में मदद करेले त एसे जुड़ल नियम जान लेवे के चाही|8.540|bho_f|IISc_SYSPINProject_bho_f_FINA_00664|FINANCE
data/processed/syspin_24k/bho_f/IISc_SYSPINProject_bho_f_FINA_01027.wav|पोंगानालू आंध्र प्रदेश तेलंगाना अउर कर्नाटक क एक ट्रेडिशनल नमकीन बा जौन की वहां बहुत फेमस बा|7.980|bho_f|IISc_SYSPINProject_bho_f_FINA_01027|FINANCE
data/processed/syspin_24k/bho_f/IISc_SYSPINProject_bho_f_FOOD_00032.wav|आंध्र प्रदेश कबो देश के एगो प्रमुख बौद्ध तीर्थ स्थल रहल आउर बौद्ध शिक्षा केंद्र रहल|6.520|bho_f|IISc_SYSPINProject_bho_f_FOOD_00032|FOOD
data/processed/syspin_24k/bho_f/IISc_SYSPINProject_bho_f_FOOD_01188.wav|उड़ीसा भारत क एक खे खूबसूरत राज्य होला जवन अपने आकर्षित समुद्री तटो दर्शनीय मंदिर खूबसूरत पर्यटन स्थल हव|8.080|bho_f|IISc_SYSPINProject_bho_f_FOOD_01188|FOOD
data/processed/syspin_24k/bho_f/IISc_SYSPINProject_bho_f_FOOD_02376.wav|टॉर्टिला आधारित व्यंजनों के सूची में अलम्ब्रे, एरिजोना चीज़ क्रिस्प , चीज़ डिश बरिटो हवला|6.800|bho_f|IISc_SYSPINProject_bho_f_FOOD_02376|FOOD
data/processed/syspin_24k/bho_f/IISc_SYSPINProject_bho_f_HEAL_01021.wav|न्यायिक प्रश्न कउनो अपराध से सम्बन्धित हो सकला कउनो दीवानी मामले से जुड़े हो सकला|6.360|bho_f|IISc_SYSPINProject_bho_f_HEAL_01021|HEALTH
data/processed/syspin_24k/bho_f/IISc_SYSPINProject_bho_f_HEAL_01517.wav|ग्राम स्वास्थ्य पोषण दिवस आँगनबाड़ी, सार्वजनिक भवन, स्कूल, स्वास्थय उपकेन्द्र जईसन जघे पे मनावल जाला|7.760|bho_f|IISc_SYSPINProject_bho_f_HEAL_01517|HEALTH
data/processed/syspin_24k/bho_f/IISc_SYSPINProject_bho_f_HEAL_02044.wav|हृदय वॉल्व शल्यचिकित्सा खराब हृदय दर के बदल देवे लन आउर ओम्मे सुधार कर देवल जाला|6.220|bho_f|IISc_SYSPINProject_bho_f_HEAL_02044|HEALTH
data/processed/syspin_24k/bho_f/IISc_SYSPINProject_bho_f_HEAL_02891.wav|इंसुलिन बीटा कोशिका में बनावल जाला, जवन आइलेट्स ऑफ लैंगरहंस के हिस्सा ह|5.680|bho_f|IISc_SYSPINProject_bho_f_HEAL_02891|HEALTH
data/processed/syspin_24k/bho_f/IISc_SYSPINProject_bho_f_INDI_00058.wav|सब वेदन मे सबसे बडा वेद ऋग्वेद ह अउर ऋग्वेद के अनुसार भगवान एक्क हयन|5.900|bho_f|IISc_SYSPINProject_bho_f_INDI_00058|INDIA RELATED
data/processed/syspin_24k/bho_f/IISc_SYSPINProject_bho_f_INDI_00370.wav|गोपुरम आमतौर पर टावर के ऊपर एगो बैरल वॉल्टेड रूफ होला|4.615|bho_f|IISc_SYSPINProject_bho_f_INDI_00370|INDIA RELATED
data/processed/syspin_24k/bho_f/IISc_SYSPINProject_bho_f_LOCA_00572.wav|मोथा एक बहुवर्षीय सेज़ वर्गीय पौधा ह|3.220|bho_f|IISc_SYSPINProject_bho_f_LOCA_00572|LOCAL CONVERSATION
data/processed/syspin_24k/bho_f/IISc_SYSPINProject_bho_f_LOCA_01022.wav|बिहुला मध्यकालीन बांग्ला साहित्य क एक नायिका हईन जे अपने मृत पति के जियाव बदे कठिन तपस्या कईले रहलीन|7.330|bho_f|IISc_SYSPINProject_bho_f_LOCA_01022|LOCAL CONVERSATION
data/processed/syspin_24k/bho_f/IISc_SYSPINProject_bho_f_LOCA_01167.wav|काशी विश्वनाथ बारह ज्योतिर्लिंग में से एक बा|3.240|bho_f|IISc_SYSPINProject_bho_f_LOCA_01167|LOCAL CONVERSATION
data/processed/syspin_24k/bho_f/IISc_SYSPINProject_bho_f_POLI_01437.wav|एक बार हमने सामान्य टिकट लेके स्लीपर वाले बोगी में बइठल रहली|4.320|bho_f|IISc_SYSPINProject_bho_f_POLI_01437|POLITICS
data/processed/syspin_24k/bho_f/IISc_SYSPINProject_bho_f_SOCI_00217.wav|वर्ड कॉन्टेंट लैटिन शब्द कॉन्टीनेयर से लिहल गयल हव, जेकर अर्थ हव एक साथे जोड़ल या पकड़ल|6.760|bho_f|IISc_SYSPINProject_bho_f_SOCI_00217|SOCIAL
data/processed/syspin_24k/bho_f/IISc_SYSPINProject_bho_f_SOCI_01186.wav|मौसम विज्ञान अबहिन तक कौनों यन्त्र ना बना पउले जवने से पता कयल जा सके कहाँ भूकम्प आवे वाला हौव|7.290|bho_f|IISc_SYSPINProject_bho_f_SOCI_01186|SOCIAL
data/processed/syspin_24k/bho_f/IISc_SYSPINProject_bho_f_SOCI_01793.wav|मानव भूगोल, मानव समुदाय, संस्कृतियन अउर पर्यावरण अउर उनकर अंतह् क्रियाअन के बीच स्थानिक संबंधन के अध्ययन करत हव|8.960|bho_f|IISc_SYSPINProject_bho_f_SOCI_01793|SOCIAL
data/processed/syspin_24k/bho_f/IISc_SYSPINProject_bho_f_SOCI_03026.wav|स्थायी कृषि शब्द के परिभाषा यू.एस.डीए द्वारा उन्नीस सौ सतहत्तर में करल गयल ह|6.160|bho_f|IISc_SYSPINProject_bho_f_SOCI_03026|SOCIAL
data/processed/syspin_24k/bho_f/IISc_SYSPINProject_bho_f_SPOR_01937.wav|अमेरिकी फुटबॉल खेल पहिला बार न्यूजर्सी में खेलल गएल रहल|4.276|bho_f|IISc_SYSPINProject_bho_f_SPOR_01937|SPORTS
data/processed/syspin_24k/bho_f/IISc_SYSPINProject_bho_f_TECH_01064.wav|ताररहित संग्रहण बिन्दू के टॉपिक पे निबंध लिख के कहला|4.040|bho_f|IISc_SYSPINProject_bho_f_TECH_01064|TECHNOLOGY
data/processed/syspin_24k/bho_f/IISc_SYSPINProject_bho_f_TECH_03326.wav|हमरे प्रोजेक्ट रेस्पीन क कुल काम हम इ-मेल से ही करेला ई बहुत सुरक्षित हव|5.760|bho_f|IISc_SYSPINProject_bho_f_TECH_03326|TECHNOLOGY
data/processed/syspin_24k/bho_m/IISc_SYSPINProject_bho_m_AGRI_00820.wav|उखड़ला के बाद भी इ पतई अवुरी फूल पैदा करत रहेला एहसे भारतीय संदर्भ में प्लुमेरिया के अमर होखे के गौरव मिलल ह|9.040|bho_m|IISc_SYSPINProject_bho_m_AGRI_00820|AGRICULTURE
data/processed/syspin_24k/bho_m/IISc_SYSPINProject_bho_m_AGRI_00992.wav|शत्रु अउर मित्र कीट के अनुपात कम रहले पर पेस्टीसाइड के प्रयोग न करे के चाही|6.000|bho_m|IISc_SYSPINProject_bho_m_AGRI_00992|AGRICULTURE
data/processed/syspin_24k/bho_m/IISc_SYSPINProject_bho_m_AGRI_01329.wav|मट्टी के कीड़न में आम मट्टी के कीड़ा सब में शामिल हौ जइसे तिलचट्टा क्रिकेट इयरविग स्कारब सिम्फिला तार कीड़ा|10.310|bho_m|IISc_SYSPINProject_bho_m_AGRI_01329|AGRICULTURE
data/processed/syspin_24k/bho_m/IISc_SYSPINProject_bho_m_AGRI_02219.wav|ह्यचीन्थ के जलकुंभी, गुलाबी तुरसावा आउर राहुरतन कहल जाला|5.690|bho_m|IISc_SYSPINProject_bho_m_AGRI_02219|AGRICULTURE
data/processed/syspin_24k/bho_m/IISc_SYSPINProject_bho_m_AGRI_02606.wav|एग्रीवोल्टिक दोहरी उपयोग वाला सौर फोटोवोल्टिक बिजली उत्पादन के उपयोग ह|5.900|bho_m|IISc_SYSPINProject_bho_m_AGRI_02606|AGRICULTURE
data/processed/syspin_24k/bho_m/IISc_SYSPINProject_bho_m_AGRI_02804.wav|भारत के पहिला कपास करखाना द बॉम्बे स्पिनिंग मिल इस्थापित भइल रहल|5.677|bho_m|IISc_SYSPINProject_bho_m_AGRI_02804|AGRICULTURE
data/processed/syspin_24k/bho_m/IISc_SYSPINProject_bho_m_AGRI_02942.wav|काँटेदार लौकी जेके आम भासा में कंटउला आउर मीठा करइला भी कहल जाला|5.300|bho_m|IISc_SYSPINProject_bho_m_AGRI_02942|AGRICULTURE
data/processed/syspin_24k/bho_m/IISc_SYSPINProject_bho_m_FINA_01813.wav|लिजिंग संपत्ति के किरायेदार या पट्टेदार के इस्तेमाल के गारंटी देवेला|5.710|bho_m|IISc_SYSPINProject_bho_m_FINA_01813|FINANCE
data/processed/syspin_24k/bho_m/IISc_SYSPINProject_bho_m_FINA_02046.wav|देश के बड़ा बड़ा उद्योगपति भी आपन निजी कंपनी खोलके निजी इन्वेस्टमेंट के भूमिका मे बिजनेस करत हउअन|8.160|bho_m|IISc_SYSPINProject_bho_m_FINA_02046|FINANCE
data/processed/syspin_24k/bho_m/IISc_SYSPINProject_bho_m_FINA_02914.wav|बैंक आफ बड़ौदा के कर्मचारी एक नंबर के आलसी होलन|3.773|bho_m|IISc_SYSPINProject_bho_m_FINA_02914|FINANCE
data/processed/syspin_24k/bho_m/IISc_SYSPINProject_bho_m_FINA_03494.wav|तीन तरह के ट्रेड बैरियर ह नेचुरल बैरियर, टैरिफ बैरियर आउर नॉन टैरिफ बैरियर|5.978|bho_m|IISc_SYSPINProject_bho_m_FINA_03494|FINANCE
data/processed/syspin_24k/bho_m/IISc_SYSPINProject_bho_m_HEAL_00151.wav|सी.टी स्कैन एक खे पवार फुल डायग्नोसिस उपकरण हव ला जवन की रोग के एक्युरेट डायग्नोसिस मे एकर प्रयोग करल जाला|8.420|bho_m|IISc_SYSPINProject_bho_m_HEAL_00151|HEALTH
data/processed/syspin_24k/bho_m/IISc_SYSPINProject_bho_m_HEAL_01950.wav|भारत में कन्या भ्रूण हत्या हो गईल कि शादी बदे कर्नाटक के लड़ीका पदयात्रा पर निकला हवे|7.160|bho_m|IISc_SYSPINProject_bho_m_HEAL_01950|HEALTH
data/processed/syspin_24k/bho_m/IISc_SYSPINProject_bho_m_INDI_00657.wav|खाना बनावे में सबसे जरूरी ह भोज्य पदार्थन के व्यवस्था करल|4.540|bho_m|IISc_SYSPINProject_bho_m_INDI_00657|INDIA RELATED
data/processed/syspin_24k/bho_m/IISc_SYSPINProject_bho_m_INDI_00958.wav|इंडो स्थापत्य कला में भारतीय, ईरानी शैली के मिश्रण के प्रमाण मिलेला, शिल्पकला, मेहराबी गुंबद के समन्वय हव|9.680|bho_m|IISc_SYSPINProject_bho_m_INDI_00958|INDIA RELATED
data/processed/syspin_24k/bho_m/IISc_SYSPINProject_bho_m_INDI_01890.wav|हिंदुओ के विवाह मे दूल्हा आउर दुल्हन के गठबंधन करल जाला फिर अग्नि के सामने सात फेरे लेवल जाला|7.060|bho_m|IISc_SYSPINProject_bho_m_INDI_01890|INDIA RELATED
data/processed/syspin_24k/bho_m/IISc_SYSPINProject_bho_m_INDI_02086.wav|विश्व मोहिनी भारतीय फिल्म जगत के दर्शावे वाला पहीला फिल्म ह|4.544|bho_m|IISc_SYSPINProject_bho_m_INDI_02086|INDIA RELATED
data/processed/syspin_24k/bho_m/IISc_SYSPINProject_bho_m_INDI_02520.wav|कर्नाटक के हम्पी में हिंदु लोगन के विरुपाक्ष मंदिर हवे|4.250|bho_m|IISc_SYSPINProject_bho_m_INDI_02520|INDIA RELATED
data/processed/syspin_24k/bho_m/IISc_SYSPINProject_bho_m_INDI_02771.wav|भारत के जनसांख्यिकी के अनुसार ए समय भारत के जनसंख्या लगभग एक सौ पैतालीस करोड़ हवे|6.870|bho_m|IISc_SYSPINProject_bho_m_INDI_02771|INDIA RELATED
data/processed/syspin_24k/bho_m/IISc_SYSPINProject_bho_m_LOCA_00937.wav|धोती पारंपरिक भारतीय परिधान हवे जवन अब गांवन में तथा शादी बियाह या अन्य अनुष्ठानन में ही दिखत हवे|8.820|bho_m|IISc_SYSPINProject_bho_m_LOCA_00937|LOCAL CONVERSATION
data/processed/syspin_24k/bho_m/IISc_SYSPINProject_bho_m_LOCA_01691.wav|पौना एक छोटा हत्था वाला बर्तन हवे जवने में ढेर सारा छेद रहेला|5.245|bho_m|IISc_SYSPINProject_bho_m_LOCA_01691|LOCAL CONVERSATION
data/processed/syspin_24k/bho_m/IISc_SYSPINProject_bho_m_POLI_01437.wav|एक बार हमने सामान्य टिकट लेके स्लीपर वाले बोगी में बइठल रहनी|4.560|bho_m|IISc_SYSPINProject_bho_m_POLI_01437|POLITICS
data/processed/syspin_24k/bho_m/IISc_SYSPINProject_bho_m_SPOR_00896.wav|लस पुल प्रभावी ढंग से आपके पूरा पश्च श्रृंखला के काम करेला|4.820|bho_m|IISc_SYSPINProject_bho_m_SPOR_00896|SPORTS
data/processed/syspin_24k/bho_m/IISc_SYSPINProject_bho_m_SPOR_03248.wav|ध्यानचंद हिटलर के सामने ही हाँकी में जर्मनी के हरउलन|4.300|bho_m|IISc_SYSPINProject_bho_m_SPOR_03248|SPORTS
data/processed/syspin_24k/bho_m/IISc_SYSPINProject_bho_m_TECH_00293.wav|आई.सी.क्यू एगो इंस्टेंट मैसेजिग कंप्यूटर प्रोग्राम ह जे उन्नीस सौ छीयानवे मे इजरायली कंपनी द्वारा बनावल गइल रहे|8.780|bho_m|IISc_SYSPINProject_bho_m_TECH_00293|TECHNOLOGY
data/processed/syspin_24k/bho_m/IISc_SYSPINProject_bho_m_TECH_00691.wav|श्रृंखलाबद्ध पत्रो मे जाने वाला सामान्य मे लिकिग से जोड बहुत कहानिया ह|5.920|bho_m|IISc_SYSPINProject_bho_m_TECH_00691|TECHNOLOGY
data/processed/syspin_24k/bho_m/IISc_SYSPINProject_bho_m_TECH_02566.wav|आजकल संपादन के कार्य फ्रीलांसर भी करा लें|3.680|bho_m|IISc_SYSPINProject_bho_m_TECH_02566|TECHNOLOGY
